﻿<DataObject comparison="Ordinal">
  <Section id="">
    <Subsections>
      <Section id="General">
        <Subsections />
        <Entries>
          <Entry key="ElapsedTime">
            <double>24.7058927</double>
          </Entry>
          <Entry key="StartedAt">
            <dateTime>2021-02-10T14:34:26.8395881+07:00</dateTime>
          </Entry>
          <Entry key="EndedAt">
            <dateTime>2021-02-10T14:34:51.5454808+07:00</dateTime>
          </Entry>
          <Entry key="ReplayStatus">
            <LastReplayRunStatus>Passed</LastReplayRunStatus>
          </Entry>
          <Entry key="NumberOfReplayErrors">
            <int>0</int>
          </Entry>
          <Entry key="NumberOfReplayCriticalErrors">
            <int>0</int>
          </Entry>
          <Entry key="NumberOfCompilationErrors">
            <int>0</int>
          </Entry>
        </Entries>
      </Section>
    </Subsections>
    <Entries>
      <Entry key="Iterations">
        <int>10</int>
      </Entry>
    </Entries>
  </Section>
</DataObject>