<?xml version="1.0" encoding="utf-8"?>
<VugenScriptMetadata>
  <ScriptName>tc09_transaction_callback</ScriptName>
  <Protocol>Web - HTTP/HTML</Protocol>
  <ActionFiles>
    <FileEntry Name="vuser_init.c" Filter="2" />
    <FileEntry Name="Action.c" Filter="2" />
    <FileEntry Name="vuser_end.c" Filter="2" />
  </ActionFiles>
  <GeneralFiles>
    <FileEntry Name="tc09_transaction_callback.usr" Filter="4" />
    <FileEntry Name="default.cfg" Filter="4" />
    <FileEntry Name="default.usp" Filter="4" />
    <FileEntry Name="globals.h" Filter="2" />
    <FileEntry Name="combined_tc09_transaction_callback.c" Filter="2" />
    <FileEntry Name="pre_cci.c" Filter="2" />
    <FileEntry Name="Bookmarks.xml" Filter="1" />
    <FileEntry Name="Breakpoints.xml" Filter="1" />
    <FileEntry Name="CompilerLogMetadata.xml" Filter="1" />
    <FileEntry Name="custom_body_variables.txt" Filter="1" />
    <FileEntry Name="logfile.log" Filter="1" />
    <FileEntry Name="lrw_custom_body.h" Filter="1" />
    <FileEntry Name="mdrv.log" Filter="1" />
    <FileEntry Name="mdrv3Xl.331.log" Filter="1" />
    <FileEntry Name="mdrv41h.1.log" Filter="1" />
    <FileEntry Name="mdrv4xc.745.log" Filter="1" />
    <FileEntry Name="mdrv67h.305.log" Filter="1" />
    <FileEntry Name="mdrv6mv.77.log" Filter="1" />
    <FileEntry Name="mdrv77B.731.log" Filter="1" />
    <FileEntry Name="mdrv99S.661.log" Filter="1" />
    <FileEntry Name="mdrv9od.105.log" Filter="1" />
    <FileEntry Name="mdrvAnc.987.log" Filter="1" />
    <FileEntry Name="mdrvbVi.665.log" Filter="1" />
    <FileEntry Name="mdrvCuI.513.log" Filter="1" />
    <FileEntry Name="mdrvCxS.783.log" Filter="1" />
    <FileEntry Name="mdrvEeC.353.log" Filter="1" />
    <FileEntry Name="mdrvFjr.483.log" Filter="1" />
    <FileEntry Name="mdrvfkj.969.log" Filter="1" />
    <FileEntry Name="mdrvFkr.707.log" Filter="1" />
    <FileEntry Name="mdrvHF9.523.log" Filter="1" />
    <FileEntry Name="mdrvLcD.113.log" Filter="1" />
    <FileEntry Name="mdrvM68.581.log" Filter="1" />
    <FileEntry Name="mdrvnlU.155.log" Filter="1" />
    <FileEntry Name="mdrvNTI.515.log" Filter="1" />
    <FileEntry Name="mdrvOih.937.log" Filter="1" />
    <FileEntry Name="mdrvrNW.601.log" Filter="1" />
    <FileEntry Name="mdrvsDA.791.log" Filter="1" />
    <FileEntry Name="mdrvsGo.737.log" Filter="1" />
    <FileEntry Name="mdrvSht.725.log" Filter="1" />
    <FileEntry Name="mdrvtAg.63.log" Filter="1" />
    <FileEntry Name="mdrvUWf.85.log" Filter="1" />
    <FileEntry Name="mdrvw1V.765.log" Filter="1" />
    <FileEntry Name="mdrvWMY.325.log" Filter="1" />
    <FileEntry Name="mdrvZvl.815.log" Filter="1" />
    <FileEntry Name="mdrv_cmd.txt" Filter="1" />
    <FileEntry Name="options.txt" Filter="1" />
    <FileEntry Name="output.bak" Filter="1" />
    <FileEntry Name="output.txt" Filter="1" />
    <FileEntry Name="OutputColoringDatabase.json" Filter="1" />
    <FileEntry Name="ReplaySummaryReport.xml" Filter="1" />
    <FileEntry Name="ScriptUploadMetadata.xml" Filter="1" />
    <FileEntry Name="shunra.shunra" Filter="1" />
    <FileEntry Name="tc09_transaction_callback.c.pickle" Filter="1" />
    <FileEntry Name="tc09_transaction_callback.ci" Filter="1" />
    <FileEntry Name="TransactionsData.db" Filter="1" />
    <FileEntry Name="UserTasks.xml" Filter="1" />
    <FileEntry Name="result1\" Filter="1" />
  </GeneralFiles>
</VugenScriptMetadata>