[
    {
        "actionName": "Action",
        "steps": [
            {
                "stepId": "STEP6",
                "stepName": "Custom Request: TC07_inquiry",
                "infFile": "t1.inf",
                "time": 1612942482056
            }
        ],
        "transactions": [
            {
                "transactionName": "TC07_inquiry",
                "rawStartTime": 1612942480704,
                "rawEndTime": 1612942482060,
                "thinkTime": 0.0,
                "wastedTime": 0.07916736602783203
            }
        ]
    }
]