{"OutputFileHashSum":"46A6BBDBEC67019102729B8EDA17E2430582787424747B2C9320C24A1746F24B","Converted":true,"OutputModifyDate":"2021-02-11T03:54:51.5161417Z","Metadatas":[{"CategoryName":"VuGen.Replay","Offset":511,"Length":23,"TypeId":1},{"CategoryName":"VuGen.Replay","Offset":712,"Length":222,"TypeId":2},{"CategoryName":"VuGen.Replay","Offset":1171,"Length":74,"TypeId":3},{"CategoryName":"VuGen.Replay","Offset":1835,"Length":133,"TypeId":3},{"CategoryName":"VuGen.Replay","Offset":1991,"Length":21,"TypeId":1}],"MetadataTypes":[{"CategoryName":"VuGen.Replay","MetadataTypeName":"HP.LR.Vugen.Iteration","Id":1},{"CategoryName":"VuGen.Replay","MetadataTypeName":"Utt.Debugger.Warning","Id":2},{"CategoryName":"VuGen.Replay","MetadataTypeName":"HP.LR.Vugen.NotifyTransaction","Id":3}]}