{"OutputFileHashSum":"A943D3911B29F7BBA2457EDD9EF8BDA3600281ACF8305CDB77BF849BA3BA5CAA","Converted":true,"OutputModifyDate":"2021-02-15T03:42:59.331816Z","Metadatas":[{"CategoryName":"VuGen.Replay","Offset":518,"Length":23,"TypeId":1},{"CategoryName":"VuGen.Replay","Offset":719,"Length":222,"TypeId":2},{"CategoryName":"VuGen.Replay","Offset":1329,"Length":81,"TypeId":3},{"CategoryName":"VuGen.Replay","Offset":1969,"Length":140,"TypeId":3},{"CategoryName":"VuGen.Replay","Offset":2132,"Length":21,"TypeId":1}],"MetadataTypes":[{"CategoryName":"VuGen.Replay","MetadataTypeName":"HP.LR.Vugen.Iteration","Id":1},{"CategoryName":"VuGen.Replay","MetadataTypeName":"Utt.Debugger.Warning","Id":2},{"CategoryName":"VuGen.Replay","MetadataTypeName":"HP.LR.Vugen.NotifyTransaction","Id":3},{"CategoryName":"VuGen.Replay","MetadataTypeName":"Utt.Debugger.Error","Id":4},{"CategoryName":"VuGen.Replay","MetadataTypeName":"HP.LR.Vugen.NotifyAny","Id":5}]}