[
    {
        "actionName": "Action",
        "steps": [
            {
                "stepId": "STEP1",
                "stepName": "Custom Request: TC13_Check_Eligible_Promotion_Code",
                "infFile": "t1.inf",
                "time": 1613028185672
            }
        ],
        "transactions": [
            {
                "transactionName": "TC13_Check_Eligible_Promotion_Code",
                "rawStartTime": 1613028185088,
                "rawEndTime": 1613028185675,
                "thinkTime": 0.0,
                "wastedTime": 0.2942836284637451
            }
        ]
    }
]