[
    {
        "actionName": "Action",
        "steps": [
            {
                "stepId": "STEP10",
                "stepName": "Custom Request: TC07_inquiry",
                "infFile": "t1.inf",
                "time": 1612942489064
            }
        ],
        "transactions": [
            {
                "transactionName": "TC07_inquiry",
                "rawStartTime": 1612942487611,
                "rawEndTime": 1612942489067,
                "thinkTime": 0.0,
                "wastedTime": 0.11693620681762696
            }
        ]
    }
]