{"status":{"code":0,"message":"success"},"data":{"inquiryId":372033,"product":{"name":"Mobile Legends","image":"https:\/\/apist.duniagames.co.id\/api\/product\/upload\/image\/14061275351578895555.jpg"},"item":{"name":"4 diamond"},"price":1500,"uniquePriceId":1500,"totalPrice":1500,"gameId":"51616652","zoneId":"2082","email":null,"phoneNumber":null,"codeGopay":null,"paymentId":993,"token":"QDLquK8VME","voucherId":null,"redeemToken":null,"codeVoucher":null,"transactionId":239112,"userNameGame":"Nick42","gameDetail":{"success":0,"userName":"Nick42"},"transactionCode":"2020042419437394"}}