[
    {
        "actionName": "Action",
        "steps": [
            {
                "stepId": "STEP2",
                "stepName": "Custom Request: TC07_inquiry",
                "infFile": "t1.inf",
                "time": 1612942475657
            }
        ],
        "transactions": [
            {
                "transactionName": "TC07_inquiry",
                "rawStartTime": 1612942474351,
                "rawEndTime": 1612942475660,
                "thinkTime": 0.0,
                "wastedTime": 0.036632537841796878
            }
        ]
    }
]