[
    {
        "actionName": "Action",
        "steps": [
            {
                "stepId": "STEP1",
                "stepName": "Custom Request: TC07_inquiry",
                "infFile": "t1.inf",
                "time": 1612942474037
            }
        ],
        "transactions": [
            {
                "transactionName": "TC07_inquiry",
                "rawStartTime": 1612942472385,
                "rawEndTime": 1612942474093,
                "thinkTime": 0.0,
                "wastedTime": 0.29476451873779299
            }
        ]
    }
]