[
    {
        "actionName": "Action",
        "steps": [
            {
                "stepId": "STEP1",
                "stepName": "Custom Request: TC21_Store_History_Log_Recapitulate",
                "infFile": "t1.inf",
                "time": 1613360577824
            }
        ],
        "transactions": [
            {
                "transactionName": "TC21_Store_History_Log_Recapitulate",
                "rawStartTime": 1613360577116,
                "rawEndTime": 1613360577880,
                "thinkTime": 0.0,
                "wastedTime": 0.33763551712036135
            }
        ]
    }
]