[
    {
        "actionName": "Action",
        "steps": [
            {
                "stepId": "STEP1",
                "stepName": "Custom Request: TC06_Transaction_Req_OTP",
                "infFile": "t1.inf",
                "time": 1613460552401
            }
        ],
        "transactions": [
            {
                "transactionName": "TC06_Transaction_Req_OTP",
                "rawStartTime": 1613460550798,
                "rawEndTime": 1613460552433,
                "thinkTime": 0.0,
                "wastedTime": 0.3111083507537842
            }
        ]
    }
]