[
    {
        "actionName": "Action",
        "steps": [
            {
                "stepId": "STEP1",
                "stepName": "Custom Request: TC10_Get_List_Promotion_Code",
                "infFile": "t1.inf",
                "time": 1613015690396
            }
        ],
        "transactions": [
            {
                "transactionName": "TC10_Get_List_Promotion_Code",
                "rawStartTime": 1613015689748,
                "rawEndTime": 1613015690398,
                "thinkTime": 0.0,
                "wastedTime": 0.2929189205169678
            }
        ]
    }
]