{"status":{"code":0,"message":"success"},"data":{"data":[{"id":10,"promotionCode":"DG-WL-2","isEligible":0,"isEligibleChannel":1,"detailPromotion":{"startDate":"2021-01-07 00:00:00","endDate":"2021-04-01 00:00:00","typeDiscount":1,"maxCashBack":"Up To 20 %","minTransaction":null}},{"id":8,"promotionCode":"DG-LOYALTY-MALE","isEligible":0,"isEligibleChannel":1,"detailPromotion":{"startDate":"2021-01-05 00:00:00","endDate":"2021-04-01 00:00:00","typeDiscount":2,"maxCashBack":"Dapatkan Cashback DG POINT Sebesar 1000 DG Point","minTransaction":null}},{"id":9,"promotionCode":"DG-WL-1","isEligible":0,"isEligibleChannel":1,"detailPromotion":{"startDate":"2021-01-03 00:00:00","endDate":"2021-04-01 00:00:00","typeDiscount":1,"maxCashBack":"Up To 20 %","minTransaction":null}},{"id":3,"promotionCode":"DG-CUMAXMAX","isEligible":0,"isEligibleChannel":1,"detailPromotion":{"startDate":"2020-12-01 00:00:00","endDate":"2021-04-01 00:00:00","typeDiscount":1,"maxCashBack":"discount up to 20%","minTransaction":null}},{"id":6,"promotionCode":"DG-GOOGLE-1","isEligible":0,"isEligibleChannel":0,"detailPromotion":{"startDate":"2020-12-01 00:00:00","endDate":"2021-04-01 00:00:00","typeDiscount":1,"maxCashBack":"discount up to 20%","minTransaction":null}},{"id":7,"promotionCode":"DG-IOS-1","isEligible":0,"isEligibleChannel":0,"detailPromotion":{"startDate":"2020-12-01 00:00:00","endDate":"2021-04-01 00:00:00","typeDiscount":1,"maxCashBack":"discount up to 20%","minTransaction":null}},{"id":1,"promotionCode":"DG-XMAS-25","isEligible":0,"isEligibleChannel":1,"detailPromotion":{"startDate":"2020-11-30 00:00:00","endDate":"2021-04-01 00:00:00","typeDiscount":1,"maxCashBack":"discount up to 20%","minTransaction":"minimal 5x Transaksi di Dunia Games By PhoneNumber"}},{"id":2,"promotionCode":"DG-LXMAS-25","isEligible":0,"isEligibleChannel":1,"detailPromotion":{"startDate":"2020-11-30 00:00:00","endDate":"2021-04-01 00:00:00","typeDiscount":1,"maxCashBack":"discount up to 20%","minTransaction":"minimal 10000 By PhoneNumber"}},{"id":4,"promotionCode":"DG-XMAS-30","isEligible":0,"isEligibleChannel":1,"detailPromotion":{"startDate":"2020-11-30 00:00:00","endDate":"2021-04-01 00:00:00","typeDiscount":1,"maxCashBack":"discount up to 20%","minTransaction":"minimal 5x Transaksi di Dunia Games LOGIN"}},{"id":5,"promotionCode":"DG-LXMAS-30","isEligible":0,"isEligibleChannel":1,"detailPromotion":{"startDate":"2020-11-30 00:00:00","endDate":"2021-04-01 00:00:00","typeDiscount":1,"maxCashBack":"discount up to 20%","minTransaction":"minimal 10000 LOGIN"}}],"meta":{"pagination":{"total":10,"count":10,"per_page":10,"current_page":1,"total_pages":1,"links":[]}}}}