[
    {
        "actionName": "Action",
        "steps": [
            {
                "stepId": "STEP7",
                "stepName": "Custom Request: TC07_inquiry",
                "infFile": "t1.inf",
                "time": 1612942483721
            }
        ],
        "transactions": [
            {
                "transactionName": "TC07_inquiry",
                "rawStartTime": 1612942482349,
                "rawEndTime": 1612942483724,
                "thinkTime": 0.0,
                "wastedTime": 0.08924984931945801
            }
        ]
    }
]