[
    {
        "actionName": "Action",
        "steps": [
            {
                "stepId": "STEP8",
                "stepName": "Custom Request: TC07_inquiry",
                "infFile": "t1.inf",
                "time": 1612942485533
            }
        ],
        "transactions": [
            {
                "transactionName": "TC07_inquiry",
                "rawStartTime": 1612942484089,
                "rawEndTime": 1612942485537,
                "thinkTime": 0.0,
                "wastedTime": 0.09242606163024903
            }
        ]
    }
]