{"OutputFileHashSum":"18432418F1855A4E40520A84471B3B5532C1AFC6E3B6F94DA5284853E47F3470","Converted":true,"OutputModifyDate":"2021-02-11T07:23:06.7910316Z","Metadatas":[{"CategoryName":"VuGen.Replay","Offset":516,"Length":23,"TypeId":1},{"CategoryName":"VuGen.Replay","Offset":717,"Length":222,"TypeId":2},{"CategoryName":"VuGen.Replay","Offset":1327,"Length":80,"TypeId":3},{"CategoryName":"VuGen.Replay","Offset":1971,"Length":139,"TypeId":3},{"CategoryName":"VuGen.Replay","Offset":2133,"Length":21,"TypeId":1}],"MetadataTypes":[{"CategoryName":"VuGen.Replay","MetadataTypeName":"HP.LR.Vugen.Iteration","Id":1},{"CategoryName":"VuGen.Replay","MetadataTypeName":"Utt.Debugger.Warning","Id":2},{"CategoryName":"VuGen.Replay","MetadataTypeName":"HP.LR.Vugen.NotifyTransaction","Id":3}]}