{"OutputFileHashSum":"62CD5CA083DFC5615A1D67899EE54AB6D526C86A40C436125A2759AFF16F81A3","Converted":true,"OutputModifyDate":"2021-02-11T04:54:12.4031948Z","Metadatas":[{"CategoryName":"VuGen.Replay","Offset":527,"Length":23,"TypeId":1},{"CategoryName":"VuGen.Replay","Offset":728,"Length":222,"TypeId":2},{"CategoryName":"VuGen.Replay","Offset":1187,"Length":90,"TypeId":3},{"CategoryName":"VuGen.Replay","Offset":1388,"Length":220,"TypeId":2},{"CategoryName":"VuGen.Replay","Offset":2120,"Length":149,"TypeId":3},{"CategoryName":"VuGen.Replay","Offset":2292,"Length":21,"TypeId":1}],"MetadataTypes":[{"CategoryName":"VuGen.Replay","MetadataTypeName":"HP.LR.Vugen.Iteration","Id":1},{"CategoryName":"VuGen.Replay","MetadataTypeName":"Utt.Debugger.Warning","Id":2},{"CategoryName":"VuGen.Replay","MetadataTypeName":"HP.LR.Vugen.NotifyTransaction","Id":3}]}