[
    {
        "actionName": "Action",
        "steps": [
            {
                "stepId": "STEP5",
                "stepName": "Custom Request: TC07_inquiry",
                "infFile": "t1.inf",
                "time": 1612942480437
            }
        ],
        "transactions": [
            {
                "transactionName": "TC07_inquiry",
                "rawStartTime": 1612942479112,
                "rawEndTime": 1612942480440,
                "thinkTime": 0.0,
                "wastedTime": 0.06664228439331055
            }
        ]
    }
]