[
    {
        "actionName": "Action",
        "steps": [
            {
                "stepId": "STEP1",
                "stepName": "Custom Request: TC09_Transaction_Callback",
                "infFile": "t1.inf",
                "time": 1613537928443
            }
        ],
        "transactions": [
            {
                "transactionName": "TC09_Transaction_Callback",
                "rawStartTime": 1613537927687,
                "rawEndTime": 1613537928499,
                "thinkTime": 0.0,
                "wastedTime": 0.3042166233062744
            }
        ]
    }
]