<?xml version="1.0" encoding="utf-8"?>
<VugenScriptMetadata>
  <ScriptName>TC15_Transaction_Callback</ScriptName>
  <Protocol>Web - HTTP/HTML</Protocol>
  <ActionFiles>
    <FileEntry Name="vuser_init.c" Filter="2" />
    <FileEntry Name="Action.c" Filter="2" />
    <FileEntry Name="vuser_end.c" Filter="2" />
  </ActionFiles>
  <GeneralFiles>
    <FileEntry Name="TC15_Transaction_Callback.usr" Filter="4" />
    <FileEntry Name="default.cfg" Filter="4" />
    <FileEntry Name="default.usp" Filter="4" />
    <FileEntry Name="globals.h" Filter="2" />
    <FileEntry Name="combined_TC15_Transaction_Callback.c" Filter="2" />
    <FileEntry Name="pre_cci.c" Filter="2" />
    <FileEntry Name="Bookmarks.xml" Filter="1" />
    <FileEntry Name="Breakpoints.xml" Filter="1" />
    <FileEntry Name="CompilerLogMetadata.xml" Filter="1" />
    <FileEntry Name="custom_body_variables.txt" Filter="1" />
    <FileEntry Name="logfile.log" Filter="1" />
    <FileEntry Name="lrw_custom_body.h" Filter="1" />
    <FileEntry Name="mdrv.log" Filter="1" />
    <FileEntry Name="mdrv5b8.513.log" Filter="1" />
    <FileEntry Name="mdrv7Pp.85.log" Filter="1" />
    <FileEntry Name="mdrv9ek.409.log" Filter="1" />
    <FileEntry Name="mdrvAuz.901.log" Filter="1" />
    <FileEntry Name="mdrvaXo.821.log" Filter="1" />
    <FileEntry Name="mdrvGhd.863.log" Filter="1" />
    <FileEntry Name="mdrvHOP.903.log" Filter="1" />
    <FileEntry Name="mdrvIKe.249.log" Filter="1" />
    <FileEntry Name="mdrvip7.463.log" Filter="1" />
    <FileEntry Name="mdrvNgB.5.log" Filter="1" />
    <FileEntry Name="mdrvrcI.801.log" Filter="1" />
    <FileEntry Name="mdrvrTm.531.log" Filter="1" />
    <FileEntry Name="mdrvu5Y.125.log" Filter="1" />
    <FileEntry Name="mdrvUde.953.log" Filter="1" />
    <FileEntry Name="mdrvyeU.615.log" Filter="1" />
    <FileEntry Name="mdrvzHn.267.log" Filter="1" />
    <FileEntry Name="mdrv_cmd.txt" Filter="1" />
    <FileEntry Name="options.txt" Filter="1" />
    <FileEntry Name="output.bak" Filter="1" />
    <FileEntry Name="output.txt" Filter="1" />
    <FileEntry Name="OutputColoringDatabase.json" Filter="1" />
    <FileEntry Name="ReplaySummaryReport.xml" Filter="1" />
    <FileEntry Name="ScriptUploadMetadata.xml" Filter="1" />
    <FileEntry Name="shunra.shunra" Filter="1" />
    <FileEntry Name="TC15_Transaction_Callback.c.pickle" Filter="1" />
    <FileEntry Name="TC15_Transaction_Callback.ci" Filter="1" />
    <FileEntry Name="TransactionsData.db" Filter="1" />
    <FileEntry Name="UserTasks.xml" Filter="1" />
    <FileEntry Name="result1\" Filter="1" />
  </GeneralFiles>
</VugenScriptMetadata>