[
    {
        "actionName": "Action",
        "steps": [
            {
                "stepId": "STEP1",
                "stepName": "Custom Request: TC03_Get_Limited_Offer_Banner",
                "infFile": "t1.inf",
                "time": 1612926207661
            }
        ],
        "transactions": [
            {
                "transactionName": "TC03_Get_Limited_Offer_Banner",
                "rawStartTime": 1612926206946,
                "rawEndTime": 1612926207724,
                "thinkTime": 0.0,
                "wastedTime": 0.33190321922302248
            }
        ]
    }
]