{"status":{"code":0,"message":"success"},"data":{"id":1,"title":"Limited Time Over Mobile Legends","slug":"limited-time-over-mobile-legends","tags":",1,2,3,5,10,","publishDateStart":"2021-02-08 08:00:00","publishDateEnd":"2021-02-12 18:00:00","activeDateStart":"2021-02-08 08:00:00","activeDateEnd":"2021-02-12 18:00:00","card":{"data":[{"id":65,"webImage":"https:\/\/apist.duniagames.co.id\/api\/product\/upload\/image\/4977918041608014341.jpg","mobileImage":"https:\/\/apist.duniagames.co.id\/api\/product\/upload\/image\/13204942491608014341.jpg","smallImage":"https:\/\/apist.duniagames.co.id\/api\/product\/upload\/image\/18026969491608014341.jpg","ctaLabel":"Mobile Legends","promotionId":59,"promoType":"flashsale","promoLabel":"Diskon 20%","promoLabel_en":"20% Discount","promoLabel_id":"Diskon 20%","publishDateStart":"2020-12-23 08:00:00","publishDateEnd":"2020-12-31 08:00:00","promotionCode":null,"tags":",1,2,5,10,","section":"section A","product":{"id":1,"name":"Mobile Legends","gameName":"Mobile Legends","imageBanner":"https:\/\/apist.duniagames.co.id\/api\/product\/upload\/image\/18488330371610530744.jpg","image":"https:\/\/apist.duniagames.co.id\/api\/product\/upload\/image\/16186794051610598263.png","priceDefault":"From 1.500","isVoucher":0,"canGifting":1,"slug":"mobile-legends","version":1,"productType":"non-telco"},"promotion":{"id":59,"title":"Flash Sale Limited Time Offer Mobile Legend","description":"Flash Sale Limited Time Offer Mobile Legend","startValid":"2021-02-08 08:00:00","endValid":"2021-02-12 18:00:00","tags":",1,2,5,10,"},"orderNumber":0,"product_ref":"REG","translation":{"title":"Limited Time Offer Mobile Legends","description":"Limited Time Offer Mobile Legends","locale":"id"},"item":{"id":237,"name":"Weekend Deal 28 Diamonds","price":"8000","image":"https:\/\/apist.duniagames.co.id\/api\/product\/upload\/image\/10519365491555755415.png","promotion":{"id":59,"title":"Flash Sale Limited Time Offer Mobile Legend","description":"Flash Sale Limited Time Offer Mobile Legend","quota":1,"quotaType":"1","startValid":"2021-02-08 08:00:00","endValid":"2021-02-12 18:00:00","promoCriteriaId":null,"validUntil":null,"tags":",1,2,5,10,","haveDetailPromo":false},"codeItemDTU":"v2_mlbb_28_diamond_disc","isPromo":1,"promoType":"flashsale","isActive":1,"isForYou":0,"product_ref_denom":"CMS","quota":500,"available":471,"isLimitedBuy":1,"maxBuyPerMsisdn":5,"maxBuyPerUser":0}},{"id":67,"webImage":"https:\/\/apist.duniagames.co.id\/api\/product\/upload\/image\/15008476931608544977.jpg","mobileImage":"https:\/\/apist.duniagames.co.id\/api\/product\/upload\/image\/5888440851608544977.jpg","smallImage":"https:\/\/apist.duniagames.co.id\/api\/product\/upload\/image\/21104160551608544977.jpg","ctaLabel":"Free Fire","promotionId":59,"promoType":"flashsale","promoLabel":"Diskon 20%","promoLabel_en":"20% Discount","promoLabel_id":"Diskon 20%","publishDateStart":"2020-12-23 08:00:00","publishDateEnd":"2020-12-31 08:00:00","promotionCode":null,"tags":",1,2,5,10,","section":"section A","product":{"id":3,"name":"FreeFire","gameName":"FreeFire","imageBanner":"https:\/\/apist.duniagames.co.id\/api\/product\/upload\/image\/20916834361578895519.jpg","image":"https:\/\/apist.duniagames.co.id\/api\/product\/upload\/image\/7116204641578895519.jpg","priceDefault":"From 2.500","isVoucher":0,"canGifting":1,"slug":"freefire","version":1,"productType":"non-telco"},"promotion":{"id":59,"title":"Flash Sale Limited Time Offer Mobile Legend","description":"Flash Sale Limited Time Offer Mobile Legend","startValid":"2021-02-08 08:00:00","endValid":"2021-02-12 18:00:00","tags":",1,2,5,10,"},"orderNumber":7,"product_ref":"REG","translation":{"title":"Limited Time Offer Free Fire","description":"Limited Time Offer Free Fire","locale":"id"},"item":{"id":303,"name":"Weekend Deal 70 Diamond","price":"10000","image":"https:\/\/apist.duniagames.co.id\/api\/product\/upload\/image\/1179376091591087052.png","promotion":{"id":59,"title":"Flash Sale Limited Time Offer Mobile Legend","description":"Flash Sale Limited Time Offer Mobile Legend","quota":1,"quotaType":"1","startValid":"2021-02-08 08:00:00","endValid":"2021-02-12 18:00:00","promoCriteriaId":null,"validUntil":null,"tags":",1,2,5,10,","haveDetailPromo":false},"codeItemDTU":"freefire_70_disc_10k","isPromo":1,"promoType":"flashsale","isActive":1,"isForYou":0,"product_ref_denom":"CMS","quota":6,"available":1,"isLimitedBuy":1,"maxBuyPerMsisdn":1,"maxBuyPerUser":0}},{"id":68,"webImage":"https:\/\/apist.duniagames.co.id\/api\/product\/upload\/image\/20510581631608545201.jpeg","mobileImage":"https:\/\/apist.duniagames.co.id\/api\/product\/upload\/image\/889534901608545201.jpeg","smallImage":"https:\/\/apist.duniagames.co.id\/api\/product\/upload\/image\/8055238231608545201.jpeg","ctaLabel":"Razer Gold","promotionId":59,"promoType":"flashsale","promoLabel":"Diskon 20%","promoLabel_en":"20% Discount","promoLabel_id":"Diskon 20%","publishDateStart":"2020-12-23 08:00:00","publishDateEnd":"2020-12-31 08:00:00","promotionCode":null,"tags":",1,2,3,5,10,","section":"section A","product":{"id":15,"name":"Razer Gold","gameName":"Razer Gold","imageBanner":"https:\/\/apist.duniagames.co.id\/api\/product\/upload\/image\/5841779811569982574.png","image":"https:\/\/apist.duniagames.co.id\/api\/product\/upload\/image\/4442102851610425217.jpg","priceDefault":"From 13.000","isVoucher":1,"canGifting":0,"slug":"razer-gold","version":1,"productType":"non-telco"},"promotion":{"id":59,"title":"Flash Sale Limited Time Offer Mobile Legend","description":"Flash Sale Limited Time Offer Mobile Legend","startValid":"2021-02-08 08:00:00","endValid":"2021-02-12 18:00:00","tags":",1,2,5,10,"},"orderNumber":0,"product_ref":"REG","translation":{"title":"Limited Time Offer Razer Gold","description":"Limited Time Offer Razer Gold","locale":"id"},"item":{"id":291,"name":"Weekend Deal 10.000 Razer Gold","price":"10000","image":"https:\/\/apist.duniagames.co.id\/api\/product\/upload\/image\/5247397611588149314.png","promotion":{"id":59,"title":"Flash Sale Limited Time Offer Mobile Legend","description":"Flash Sale Limited Time Offer Mobile Legend","quota":1,"quotaType":"1","startValid":"2021-02-08 08:00:00","endValid":"2021-02-12 18:00:00","promoCriteriaId":null,"validUntil":null,"tags":",1,2,5,10,","haveDetailPromo":false},"codeItemDTU":null,"isPromo":1,"promoType":"flashsale","isActive":1,"isForYou":0,"product_ref_denom":"CMS","quota":500,"available":491,"isLimitedBuy":1,"maxBuyPerMsisdn":1,"maxBuyPerUser":0}}]}}}