[
    {
        "actionName": "Action",
        "steps": [
            {
                "stepId": "STEP1",
                "stepName": "Custom Request: TC09_Transaction_Callback",
                "infFile": "t1.inf",
                "time": 1613632594711
            }
        ],
        "transactions": [
            {
                "transactionName": "TC09_Transaction_Callback",
                "rawStartTime": 1613632593975,
                "rawEndTime": 1613632594766,
                "thinkTime": 0.0,
                "wastedTime": 0.3118157386779785
            }
        ]
    }
]