[
    {
        "actionName": "Action",
        "steps": [
            {
                "stepId": "STEP3",
                "stepName": "Custom Request: TC07_inquiry",
                "infFile": "t1.inf",
                "time": 1612942477243
            }
        ],
        "transactions": [
            {
                "transactionName": "TC07_inquiry",
                "rawStartTime": 1612942475929,
                "rawEndTime": 1612942477246,
                "thinkTime": 0.0,
                "wastedTime": 0.04835844039916992
            }
        ]
    }
]