[
    {
        "actionName": "Action",
        "steps": [
            {
                "stepId": "STEP1",
                "stepName": "Custom Request: TC05_Check_Quota_Bulk",
                "infFile": "t1.inf",
                "time": 1612932170276
            }
        ],
        "transactions": [
            {
                "transactionName": "TC05_Check_Quota_Bulk",
                "rawStartTime": 1612932169822,
                "rawEndTime": 1612932170279,
                "thinkTime": 0.0,
                "wastedTime": 0.19330835342407227
            }
        ]
    }
]