[
    {
        "actionName": "Action",
        "steps": [
            {
                "stepId": "STEP1",
                "stepName": "Custom Request: TC01_Get_Flash_Sale_Product",
                "infFile": "t1.inf",
                "time": 1612855181297
            }
        ],
        "transactions": [
            {
                "transactionName": "TC01_Get_Flash_Sale_Product",
                "rawStartTime": 1612855180668,
                "rawEndTime": 1612855181300,
                "thinkTime": 0.0,
                "wastedTime": 0.325681209564209
            }
        ]
    }
]