{"status":{"code":0,"message":"success"},"data":{"id":1,"name":"Mobile Legends","gameName":"Mobile Legends","codeProductDTU":"mobile_legends","adnCode":"97080","paymentType":"storefront","imageBanner":"https:\/\/apist.duniagames.co.id\/api\/product\/upload\/image\/18488330371610530744.jpg","image":"https:\/\/apist.duniagames.co.id\/api\/product\/upload\/image\/16186794051610598263.png","imageDisplay":"https:\/\/apist.duniagames.co.id\/api\/product\/upload\/image\/18683347311610598263.jpg","priceDefault":"From 1.500","isPromo":0,"isRibbon":1,"isQuickPurchase":1,"isVoucher":0,"isReseller":0,"isZoneId":1,"canGifting":1,"isActive":1,"isMaintenance":0,"isHaveRedirectPage":0,"urlRedirect":null,"isAlphaNumeric":0,"slug":"mobile-legends","isServerIdRequired":0,"color":{"gradient1":"#CC1b203c","gradient2":"#CC181e37","gradient3":"#00FFFFFF"},"isForYou":1,"product_ref":"CMS","version":1,"productType":"non-telco","startPrice":"1.500","maxLengthGameId":25,"maxLengthZoneId":5,"item":{"data":[{"id":237,"name":"Weekend Deal 28 Diamonds","price":"8000","image":"https:\/\/apist.duniagames.co.id\/api\/product\/upload\/image\/10519365491555755415.png","promotion":{"id":59,"title":"Flash Sale Limited Time Offer Mobile Legend","description":"Flash Sale Limited Time Offer Mobile Legend","quota":1,"quotaType":"1","startValid":"2021-02-08 08:00:00","endValid":"2021-02-12 18:00:00","promoCriteriaId":null,"validUntil":null,"tags":",1,2,5,10,","haveDetailPromo":false},"codeItemDTU":"v2_mlbb_28_diamond_disc","isPromo":1,"promoType":"flashsale","isActive":1,"isForYou":"0","product_ref_denom":"CMS","quota":500,"available":472,"isLimitedBuy":1,"maxBuyPerMsisdn":5,"maxBuyPerUser":0}]}}}