[
    {
        "actionName": "Action",
        "steps": [
            {
                "stepId": "STEP1",
                "stepName": "Custom Request: TC04_Check_Flashsale_Quota_Layer1",
                "infFile": "t1.inf",
                "time": 1612931216088
            }
        ],
        "transactions": [
            {
                "transactionName": "TC04_Check_Flashsale_Quota_Layer1",
                "rawStartTime": 1612931215447,
                "rawEndTime": 1612931216143,
                "thinkTime": 0.0,
                "wastedTime": 0.3142671585083008
            }
        ]
    }
]