{"OutputFileHashSum":"9E44E8803F9E8491D7E2347FB9BB073DE04EF34595D7C248B4EED9C67A843A8B","Converted":true,"OutputModifyDate":"2021-02-11T06:30:38.5354713Z","Metadatas":[{"CategoryName":"VuGen.Replay","Offset":512,"Length":23,"TypeId":1},{"CategoryName":"VuGen.Replay","Offset":713,"Length":222,"TypeId":2},{"CategoryName":"VuGen.Replay","Offset":1323,"Length":76,"TypeId":3},{"CategoryName":"VuGen.Replay","Offset":1962,"Length":135,"TypeId":3},{"CategoryName":"VuGen.Replay","Offset":2120,"Length":21,"TypeId":1}],"MetadataTypes":[{"CategoryName":"VuGen.Replay","MetadataTypeName":"HP.LR.Vugen.Iteration","Id":1},{"CategoryName":"VuGen.Replay","MetadataTypeName":"Utt.Debugger.Warning","Id":2},{"CategoryName":"VuGen.Replay","MetadataTypeName":"HP.LR.Vugen.NotifyTransaction","Id":3}]}