{"OutputFileHashSum":"FABA4209652F7F921EF7071324C0694203E6FE3B75AD6EE5E542810C34F5C595","Converted":true,"OutputModifyDate":"2021-02-10T04:42:52.4535446Z","Metadatas":[{"CategoryName":"VuGen.Replay","Offset":504,"Length":23,"TypeId":1},{"CategoryName":"VuGen.Replay","Offset":705,"Length":222,"TypeId":2},{"CategoryName":"VuGen.Replay","Offset":1164,"Length":67,"TypeId":3},{"CategoryName":"VuGen.Replay","Offset":1759,"Length":126,"TypeId":3},{"CategoryName":"VuGen.Replay","Offset":1908,"Length":21,"TypeId":1}],"MetadataTypes":[{"CategoryName":"VuGen.Replay","MetadataTypeName":"HP.LR.Vugen.Iteration","Id":1},{"CategoryName":"VuGen.Replay","MetadataTypeName":"Utt.Debugger.Warning","Id":2},{"CategoryName":"VuGen.Replay","MetadataTypeName":"HP.LR.Vugen.NotifyTransaction","Id":3}]}