[
    {
        "actionName": "Action",
        "steps": [
            {
                "stepId": "STEP1",
                "stepName": "Custom Request: TC12_Get_Config_Promotion_Code",
                "infFile": "t1.inf",
                "time": 1613025036494
            }
        ],
        "transactions": [
            {
                "transactionName": "TC12_Get_Config_Promotion_Code",
                "rawStartTime": 1613025035899,
                "rawEndTime": 1613025036496,
                "thinkTime": 0.0,
                "wastedTime": 0.2866024971008301
            }
        ]
    }
]