[
    {
        "actionName": "Action",
        "steps": [
            {
                "stepId": "STEP1",
                "stepName": "Custom Request: TC17_Check_List_PaymentChannelPromotion_Code",
                "infFile": "t1.inf",
                "time": 1613019250341
            }
        ],
        "transactions": [
            {
                "transactionName": "TC17_Check_List_PaymentChannelPromotion_Code",
                "rawStartTime": 1613019249440,
                "rawEndTime": 1613019250344,
                "thinkTime": 0.0,
                "wastedTime": 0.3109445571899414
            }
        ]
    }
]