{"status":{"code":0,"message":"success"},"data":{"paymentChannel":[{"id":170,"paymentChannel":"TELKOMSEL","codePaymentChannel":1,"namePaymentChannel":"telkomsel","displayNamePaymentChannel":"telkomsel","imagePayment":"https:\/\/apist.duniagames.co.id\/api\/product\/upload\/image\/18520727921564140174.png","menuPayment":"TSEL","menuOrder":1,"originalPrice":"10000","discount":"20","pricePaymentChannel":8000,"cashBackConfig":{"typeDiscount":"discount","nominalDiscount":"20","dgPoint":null}},{"id":172,"paymentChannel":"XL Payment","codePaymentChannel":3,"namePaymentChannel":"xl","displayNamePaymentChannel":"xl","imagePayment":"https:\/\/apist.duniagames.co.id\/api\/product\/upload\/image\/3052151371555391360.png","menuPayment":"XL","menuOrder":0,"originalPrice":"10000","discount":"0","pricePaymentChannel":"10000"},{"id":173,"paymentChannel":"SMARTFREN","codePaymentChannel":6,"namePaymentChannel":"smartfren","displayNamePaymentChannel":"smartfren","imagePayment":"https:\/\/apist.duniagames.co.id\/api\/product\/upload\/image\/3326676981560729202.png","menuPayment":"SMARTFREN","menuOrder":0,"originalPrice":"10000","discount":"0","pricePaymentChannel":"10000"},{"id":441,"paymentChannel":"THREE","codePaymentChannel":4,"namePaymentChannel":"three","displayNamePaymentChannel":"tri","imagePayment":"https:\/\/apist.duniagames.co.id\/api\/product\/upload\/image\/118878651566578806.png","menuPayment":"THREE","menuOrder":0,"originalPrice":"10000","discount":"0","pricePaymentChannel":"10000"},{"id":528,"paymentChannel":"LinkAja","codePaymentChannel":2,"namePaymentChannel":"link_aja","displayNamePaymentChannel":"link_aja","imagePayment":"https:\/\/apist.duniagames.co.id\/api\/product\/upload\/image\/image_logo_payment_linkaja.png","menuPayment":"LINKAJA","menuOrder":0,"originalPrice":"10000","discount":"0","pricePaymentChannel":"10000"},{"id":853,"paymentChannel":"GOPAY","codePaymentChannel":10,"namePaymentChannel":"gopay","displayNamePaymentChannel":"GoPay","imagePayment":"https:\/\/apist.duniagames.co.id\/api\/product\/upload\/image\/9727584801555391314.png","menuPayment":"GOPAY","menuOrder":0,"originalPrice":"10000","discount":"0","pricePaymentChannel":"10000"},{"id":1050,"paymentChannel":"TELKOMSEL OTP","codePaymentChannel":1,"namePaymentChannel":"telkomsel","displayNamePaymentChannel":"telkomsel","imagePayment":"https:\/\/apist.duniagames.co.id\/api\/product\/upload\/image\/18520727921564140174.png","menuPayment":"TSEL_OTP","menuOrder":1,"originalPrice":"10000","discount":"20","pricePaymentChannel":8000,"cashBackConfig":{"typeDiscount":"discount","nominalDiscount":"20","dgPoint":null}},{"id":1282,"paymentChannel":"OVO","codePaymentChannel":7,"namePaymentChannel":"ovo","displayNamePaymentChannel":"ovo","imagePayment":"https:\/\/apist.duniagames.co.id\/api\/product\/upload\/image\/11057304981555391326.png","menuPayment":"OVO","menuOrder":0,"originalPrice":"10000","discount":"0","pricePaymentChannel":"10000"}],"catalogId":57}}