[
    {
        "actionName": "Action",
        "steps": [
            {
                "stepId": "STEP9",
                "stepName": "Custom Request: TC07_inquiry",
                "infFile": "t1.inf",
                "time": 1612942487255
            }
        ],
        "transactions": [
            {
                "transactionName": "TC07_inquiry",
                "rawStartTime": 1612942485851,
                "rawEndTime": 1612942487258,
                "thinkTime": 0.0,
                "wastedTime": 0.10944533348083496
            }
        ]
    }
]