[
    {
        "actionName": "Action",
        "steps": [
            {
                "stepId": "STEP1",
                "stepName": "Custom Request: TC02_Get_Promotion_Card",
                "infFile": "t1.inf",
                "time": 1612850948692
            }
        ],
        "transactions": [
            {
                "transactionName": "TC02_Get_Promotion_Card",
                "rawStartTime": 1612850947648,
                "rawEndTime": 1612850948751,
                "thinkTime": 0.0,
                "wastedTime": 0.5256931781768799
            }
        ]
    }
]