{"OutputFileHashSum":"2258372DDB383C5542740A887BD65D7DE393BE2CC44C6247C9FE9CB1CF67C11C","Converted":true,"OutputModifyDate":"2021-02-09T06:09:10.0335274Z","Metadatas":[{"CategoryName":"VuGen.Replay","Offset":504,"Length":23,"TypeId":1},{"CategoryName":"VuGen.Replay","Offset":705,"Length":222,"TypeId":2},{"CategoryName":"VuGen.Replay","Offset":1164,"Length":69,"TypeId":3},{"CategoryName":"VuGen.Replay","Offset":1754,"Length":128,"TypeId":3},{"CategoryName":"VuGen.Replay","Offset":1905,"Length":21,"TypeId":1}],"MetadataTypes":[{"CategoryName":"VuGen.Replay","MetadataTypeName":"HP.LR.Vugen.Iteration","Id":1},{"CategoryName":"VuGen.Replay","MetadataTypeName":"Utt.Debugger.Warning","Id":2},{"CategoryName":"VuGen.Replay","MetadataTypeName":"HP.LR.Vugen.NotifyTransaction","Id":3}]}