[
    {
        "actionName": "Action",
        "steps": [
            {
                "stepId": "STEP4",
                "stepName": "Custom Request: TC07_inquiry",
                "infFile": "t1.inf",
                "time": 1612942478851
            }
        ],
        "transactions": [
            {
                "transactionName": "TC07_inquiry",
                "rawStartTime": 1612942477527,
                "rawEndTime": 1612942478854,
                "thinkTime": 0.0,
                "wastedTime": 0.055262088775634769
            }
        ]
    }
]